1/1/1960,1,1.78,4.37,20.5,32.99,-3.8
2/1/1960,1.01,1.8,4.29,20.9,58.92,-2.66
3/1/1960,1.02,1.82,4.19,21.8,66.45,-0.38
4/1/1960,1.06,1.82,3.96,21.8,51.91,8.31
5/1/1960,1.08,1.82,3.82,21.7,62.9,13.51
6/1/1960,1.09,1.72,3.8,20.8,68.89,18.62
7/1/1960,1.09,1.67,3.96,20.3,77.37,21.38
8/1/1960,1.07,1.71,4.14,19.6,66.8,20.32
9/1/1960,1.06,1.72,4.42,19.4,73.6,16.72
10/1/1960,0.99,1.74,4.55,19,44.27,10.25
11/1/1960,0.9,1.76,4.65,19.2,57.7,2.93
12/1/1960,0.92,1.77,4.58,20.2,59.3,-2.35
1/1/1961,0.97,1.79,4.45,20.9,50.73,-3.28
2/1/1961,1.01,1.81,4.32,20.7,56,-0.44
3/1/1961,1.01,1.8,4.19,20.8,48.48,2.56
4/1/1961,0.97,1.74,4.04,20.5,45.29,6.57
5/1/1961,1.02,1.76,3.94,19.7,59.86,13.2
6/1/1961,1.03,1.72,3.87,19.4,75.91,18.88
7/1/1961,1.05,1.73,4.02,19.2,70.94,20.95
8/1/1961,1.04,1.83,4.17,20.1,53.32,20.54
9/1/1961,1.04,1.87,4.38,20.2,65.66,15.54
10/1/1961,1.02,1.88,4.48,20,52.17,9.41
11/1/1961,0.99,1.88,4.54,20.1,43.23,1.81
12/1/1961,0.99,1.89,4.46,20.5,36.52,-4.06
1/1/1962,0.99,1.88,4.4,20.8,39.06,-5.03
2/1/1962,1,1.88,4.31,21,38.44,-0.64
3/1/1962,1,1.89,4.19,21.1,58.84,0.54
4/1/1962,1.02,1.92,3.89,21.3,51.18,8.33
5/1/1962,1.04,1.98,3.75,21.3,52.76,14.38
6/1/1962,1.04,1.99,3.72,20.9,70.12,18.15
7/1/1962,1.05,1.98,3.86,21,67.97,20.68
8/1/1962,1.03,2,4.03,21.6,63.51,20.49
9/1/1962,1.04,1.99,4.21,22,52.92,15.65
10/1/1962,1.03,1.97,4.34,21.7,25.97,11.01
11/1/1962,0.99,2,4.4,21.5,55.52,3.46
12/1/1962,1.04,2.02,4.31,21.5,35.26,-1.88
1/1/1963,1.07,2.01,4.26,21.7,50.95,-5.63
2/1/1963,1.09,2.01,4.2,20.4,38.32,-1.28
3/1/1963,1.1,2.04,4.07,19.7,61.62,3.26
4/1/1963,1.1,2.09,3.88,20.5,71.54,8.26
5/1/1963,1.11,2.04,3.8,19.7,51.16,14.17
6/1/1963,1.16,1.86,3.73,19.7,64.89,18.32
7/1/1963,1.19,1.75,3.91,20.7,62,21.22
8/1/1963,1.19,1.77,4.08,20.4,70.62,20.27
9/1/1963,1.21,1.84,4.27,20.1,59.56,17.05
10/1/1963,1.11,1.95,4.41,19.6,34.42,12.25
11/1/1963,1.05,1.95,4.47,18.6,52.76,2.9
12/1/1963,1.09,1.97,4.42,17.6,67.52,-3.78
1/1/1964,1.12,2,4.33,18.7,50.26,-3.23
2/1/1964,1.11,1.99,4.24,18.3,47.94,-2.84
3/1/1964,1.13,1.85,4.1,18.8,50.22,0.31
4/1/1964,1.15,1.94,3.96,18.2,55.93,7.69
5/1/1964,1.17,1.88,3.82,17.6,61.29,13.73
6/1/1964,1.16,1.4,3.79,17.5,75.45,18.29
7/1/1964,1.12,1.33,3.94,18.1,67.04,21.71
8/1/1964,1.12,1.33,4.09,18.2,71.39,19.68
9/1/1964,1.17,1.36,4.33,18.6,86.47,15.69
10/1/1964,1.13,1.36,4.5,17.8,36.52,9.88
11/1/1964,1.07,1.39,4.52,17.5,45.56,2.93
12/1/1964,1.16,1.39,4.45,17.4,49.59,-3.75
1/1/1965,1.18,1.38,4.32,18,49.58,-3.29
2/1/1965,1.2,1.37,4.26,18.2,52.62,-3.29
3/1/1965,1.21,1.36,4.16,18.6,35.3,0.53
4/1/1965,1.23,1.34,4.02,19.2,53.24,8.52
5/1/1965,1.26,1.33,3.89,20.5,50.89,13.59
6/1/1965,1.25,1.28,3.86,21.3,53.12,17.46
7/1/1965,1.22,1.31,4.02,21,60.61,20.68
8/1/1965,1.18,1.34,4.18,20.6,75.36,19.7
9/1/1965,1.18,1.33,4.43,20.6,57.73,15.04
10/1/1965,1.1,1.35,4.57,20.1,40.3,9.65
11/1/1965,1.04,1.38,4.65,19.7,45.57,4.21
12/1/1965,1.13,1.4,4.63,20.3,54.33,-1.22
1/1/1966,1.19,1.41,4.57,21.1,45.41,-6.07
2/1/1966,1.2,1.43,4.6,22.4,32.4,-3.08
3/1/1966,1.17,1.41,4.57,23.8,44.66,2.22
4/1/1966,1.19,1.39,4.46,23.6,60.07,7.21
5/1/1966,1.21,1.44,4.36,23,65.46,13.33
6/1/1966,1.2,1.59,4.37,22.5,81.48,18.31
7/1/1966,1.27,1.74,4.72,21.9,73.35,21.9
8/1/1966,1.34,1.7,5,22.4,65.88,19.65
9/1/1966,1.35,1.71,5.28,22.5,57.75,16.17
10/1/1966,1.29,1.59,5.38,21.9,50.28,9.14
11/1/1966,1.26,1.6,5.37,20.9,40.99,3.3
12/1/1966,1.29,1.61,5.27,21,68.04,-2.66
1/1/1967,1.28,1.57,5.17,21.8,48.85,-2.49
2/1/1967,1.26,1.49,5.09,21.7,33.23,-2.35
3/1/1967,1.28,1.59,4.98,21.5,47.03,3.59
4/1/1967,1.26,1.55,4.78,21.8,53.53,8.21
5/1/1967,1.25,1.58,4.76,22.3,74.08,12.47
6/1/1967,1.26,1.49,4.67,23,70.86,18.16
7/1/1967,1.21,1.37,4.8,23.2,65,20.72
8/1/1967,1.11,1.41,4.96,23.3,69.68,20.02
9/1/1967,1.12,1.39,5.21,23,54.36,15.91
10/1/1967,1.04,1.43,5.3,22.3,47.25,9.7
11/1/1967,0.98,1.39,5.36,21.4,60.47,2.87
12/1/1967,1.03,1.39,5.3,21.7,60.75,-2.39
1/1/1968,1.04,1.4,5.26,21.9,62.53,-4.3
2/1/1968,1.06,1.42,5.18,22.9,49.14,-2.37
3/1/1968,1.06,1.42,5.07,23.4,42.07,3.63
4/1/1968,1.06,1.36,5.02,23.6,55.43,7.6
5/1/1968,1.09,1.36,5,23.7,59.63,12.75
6/1/1968,1.07,1.24,4.91,23.8,73.49,18.45
7/1/1968,1.04,1.19,5.07,24,75.48,21.15
8/1/1968,0.99,1.19,5.25,23.9,58.64,19.85
9/1/1968,1.01,1.22,5.46,23.6,52.34,15.57
10/1/1968,0.96,1.26,5.63,23,60.1,9.95
11/1/1968,1.04,1.29,5.69,23,37.17,2.39
12/1/1968,1.05,1.26,5.61,23.5,64.91,-4.25
1/1/1969,1.08,1.27,5.57,23.8,43.1,-4.77
2/1/1969,1.09,1.28,5.5,24.3,36.96,-2.46
3/1/1969,1.09,1.28,5.41,25.4,57.85,-0.03
4/1/1969,1.12,1.28,5.29,26.7,59.97,9.13
5/1/1969,1.19,1.28,5.19,28.6,58.27,14.48
6/1/1969,1.18,1.22,5.11,29.4,64.87,17.97
7/1/1969,1.18,1.15,5.24,27.9,60.24,21.4
8/1/1969,1.18,1.19,5.39,26.9,59.78,20.45
9/1/1969,1.15,1.24,5.68,26.1,70.75,16.67
10/1/1969,1.12,1.28,5.85,25.4,66.16,8.96
11/1/1969,1.07,1.29,5.92,24.9,48.84,2.28
12/1/1969,1.09,1.3,5.89,25.6,50.9,-1.01
1/1/1970,1.12,1.29,5.86,26.4,41.89,-5.67
2/1/1970,1.14,1.3,5.76,27.4,52.66,-0.35
3/1/1970,1.13,1.28,5.61,29,43.6,1.51
4/1/1970,1.15,1.32,5.56,28.7,40,7.26
5/1/1970,1.18,1.31,5.44,27.9,64.37,14.19
6/1/1970,1.21,1.23,5.38,28.1,58.95,18.53
7/1/1970,1.24,1.23,5.47,28.1,73.59,21.37
8/1/1970,1.27,1.31,5.58,27.1,68.58,20.85
9/1/1970,1.38,1.41,5.83,26.8,68.21,15.73
10/1/1970,1.34,1.43,6.02,26.5,63.92,8.49
11/1/1970,1.29,1.45,6.09,25.1,44.61,2.81
12/1/1970,1.36,1.41,6.07,24.4,72.07,-2.07
1/1/1971,1.42,1.4,5.99,26.1,49.43,-5.34
2/1/1971,1.43,1.41,5.96,28.9,37.14,-2.37
3/1/1971,1.43,1.39,5.86,28.8,46.07,0.7
4/1/1971,1.41,1.4,5.73,29.1,48.79,7.32
5/1/1971,1.38,1.43,5.6,29.5,65.66,12.57
6/1/1971,1.43,1.46,5.52,28.9,70.76,19.07
7/1/1971,1.36,1.34,5.63,28.5,67.78,20.7
8/1/1971,1.19,1.28,5.75,29.3,64.41,20.27
9/1/1971,1.11,1.26,5.98,29.2,65.96,15.91
10/1/1971,1,1.3,6.09,29.3,66.53,10.22
11/1/1971,0.97,1.31,6.18,29.9,67.41,2.32
12/1/1971,1.08,1.34,6.17,30.3,65.25,-1.67
1/1/1972,1.09,1.33,6.12,31.8,55.11,-4.46
2/1/1972,1.09,1.34,6.13,32.9,43.71,-2.51
3/1/1972,1.1,1.34,6.02,32.5,87.57,2.52
4/1/1972,1.13,1.36,5.86,32.2,71.12,7.18
5/1/1972,1.15,1.38,5.79,33.3,65.8,13.72
6/1/1972,1.13,1.33,5.72,34.5,69.92,18.29
7/1/1972,1.14,1.32,5.8,34.6,71.76,20.81
8/1/1972,1.15,1.51,5.99,33.6,55.54,20.39
9/1/1972,1.22,1.73,6.21,34,78.98,15.81
10/1/1972,1.19,1.89,6.38,34.4,54.94,9.13
11/1/1972,1.2,1.97,6.52,33,66.07,1.47
12/1/1972,1.42,2.38,6.54,34.8,65.81,-3.53
1/1/1973,1.39,2.38,6.56,37.9,65.45,-4.7
2/1/1973,1.35,1.97,6.6,40.7,37.93,-1.93
3/1/1973,1.37,2.06,6.54,43.8,55.13,3.49
4/1/1973,1.42,2.15,6.43,42.8,54.34,7.11
5/1/1973,1.61,2.15,6.4,43.6,66.4,13.26
6/1/1973,1.99,2.43,6.4,43.9,62.46,18.64
7/1/1973,2.03,2.47,6.57,44.6,55.58,21.04
8/1/1973,2.68,4.45,7.19,51.7,81.59,20.43
9/1/1973,2.15,4.62,7.87,46.7,64.32,16.04
10/1/1973,2.17,4.22,8.32,42.7,51.3,10.63
11/1/1973,2.18,4.2,8.66,39.6,49.61,2.74
12/1/1973,2.39,4.78,8.8,37.7,54.02,-1.62
1/1/1974,2.59,5.29,8.89,44.2,57.09,-3.77
2/1/1974,2.76,5.52,8.92,43.6,56.4,-2.32
3/1/1974,2.68,4.96,8.96,40.7,72.31,3.46
4/1/1974,2.41,3.98,8.84,39.2,58.83,8.3
5/1/1974,2.45,3.52,8.25,37.3,72.32,13.88
6/1/1974,2.57,3.57,7.69,32.6,76.75,18.37
7/1/1974,2.91,4.04,7.61,35.3,72.69,21.5
8/1/1974,3.37,4.24,7.74,37,67.22,19.69
9/1/1974,3.3,4.32,8.07,32.6,66.44,15.27
10/1/1974,3.45,4.85,8.34,30.6,51.44,9.48
11/1/1974,3.32,4.87,8.48,28.2,48.98,2.67
12/1/1974,3.27,4.65,8.25,27.7,46.25,-2.37
1/1/1975,3.07,4.11,8.43,27.4,39.69,-3.35
2/1/1975,2.86,3.95,8.38,26.8,41.66,-2.63
3/1/1975,2.67,3.65,8.22,27.8,57.52,1.04
4/1/1975,2.68,3.69,8.18,31.6,49.83,5.82
5/1/1975,2.66,3.47,8.07,35.3,65.58,13.79
6/1/1975,2.68,2.92,7.99,36.8,62.4,17.94
7/1/1975,2.72,3.33,8.25,35.2,64.94,21.34
8/1/1975,2.95,3.89,8.64,32.3,50.73,20.09
9/1/1975,2.76,4.11,9.25,34,60.08,15.18
10/1/1975,2.62,4.02,9.7,33.4,56.07,9.91
11/1/1975,2.33,3.58,10,32.3,29.97,2.2
12/1/1975,2.37,3.41,10.3,33.5,33.64,-2.29
1/1/1976,2.44,3.43,10.1,32.8,37.37,-4.01
2/1/1976,2.48,3.66,9.76,33.9,29.01,-0.04
3/1/1976,2.5,3.65,9.75,33.4,67.29,2.55
4/1/1976,2.46,3.5,9.4,38,52.37,8.39
5/1/1976,2.61,3.43,9.25,37.1,59.93,13.05
6/1/1976,2.74,3.46,9.14,36.4,59.35,18.12
7/1/1976,2.82,3.33,9.43,33.6,59.03,20.96
8/1/1976,2.64,2.97,9.7,33,82.24,19.89
9/1/1976,2.6,2.88,9.84,32.3,79.25,16.01
10/1/1976,2.33,2.59,9.96,32.2,51.62,7.87
11/1/1976,2.02,2.46,9.89,31.2,59.5,1.73
12/1/1976,2.24,2.39,9.72,32.4,57.43,-3.05
1/1/1977,2.34,2.43,9.65,32.2,68.57,-5.71
2/1/1977,2.34,2.47,9.53,33.2,39.88,0.16
3/1/1977,2.35,2.43,9.45,33.8,49.86,2.63
4/1/1977,2.31,2.37,9.44,35.3,54.79,9.08
5/1/1977,2.25,2.19,9.37,36.3,79.44,14.36
6/1/1977,2.12,2.03,9.4,34,63.33,19.42
7/1/1977,1.88,2.04,9.49,34.9,64.85,21.85
8/1/1977,1.63,2.13,9.66,34.5,65.54,20.68
9/1/1977,1.6,2.16,9.97,34.7,57.94,16.87
10/1/1977,1.67,2.3,10.1,35.1,31.23,9.92
11/1/1977,1.88,2.46,10.2,34.3,59.29,2.47
12/1/1977,1.97,2.47,10.2,35.5,59.36,-2.38
1/1/1978,2,2.53,10.2,37.7,73.03,-4.86
2/1/1978,2.03,2.59,10.2,40.5,54.31,-4.05
3/1/1978,2.15,2.67,10.2,44,63.15,2.53
4/1/1978,2.24,2.82,10.1,47.2,67.69,8.57
5/1/1978,2.29,2.82,10.1,50.5,69.44,13.63
6/1/1978,2.28,2.81,10,51.1,61.26,18.55
7/1/1978,2.16,2.81,10.1,50.1,80,21.51
8/1/1978,2.01,2.88,10.5,49.3,71.46,20.43
9/1/1978,1.98,2.92,10.9,52.2,59.63,16.89
10/1/1978,1.97,2.99,11.3,53.2,52.05,9.84
11/1/1978,2.02,3.04,11.6,51.9,57.9,2.93
12/1/1978,2.09,3.01,11.8,54.6,43.07,-3.17
1/1/1979,2.11,2.99,11.9,60.2,58.7,-6.89
2/1/1979,2.18,2.99,11.9,64.7,43.67,-5.55
3/1/1979,2.22,2.97,11.8,70.6,73.41,2.88
4/1/1979,2.27,3.01,11.6,73.4,52.06,7.8
5/1/1979,2.35,3.2,11.5,71.9,67.78,13.48
6/1/1979,2.49,3.72,11.5,66.8,58.39,18.18
7/1/1979,2.64,3.89,11.6,65.5,53.62,21.21
8/1/1979,2.54,3.74,12,62.2,64.12,20.17
9/1/1979,2.51,3.87,12.3,66.8,65.62,16.99
10/1/1979,2.41,3.98,12.6,64.6,46.03,10.86
11/1/1979,2.27,3.94,12.9,63.9,39.86,2.77
12/1/1979,2.38,3.81,12.8,64.4,34.13,-1.36
1/1/1980,2.45,3.74,12.8,63.8,25.74,-3.6
2/1/1980,2.39,3.78,12.8,67,49.52,-1.45
3/1/1980,2.4,3.64,12.8,64.4,48.85,1.75
4/1/1980,2.36,3.58,12.7,60.6,46.68,8.47
5/1/1980,2.42,3.69,12.6,60.7,76.14,13.94
6/1/1980,2.49,3.69,12.5,61.1,78.22,18.61
7/1/1980,2.73,3.81,12.6,63.2,79.9,22.31
8/1/1980,2.92,3.94,12.8,64.4,71.65,20.59
9/1/1980,3.01,3.99,13.2,63,50.12,16.64
10/1/1980,2.99,4.19,13.7,62.1,69.88,9.45
11/1/1980,3.1,4.32,14,60,47.14,3.25
12/1/1980,3.19,4.22,14.1,59.4,51.65,-2.35
1/1/1981,3.19,4.21,14.1,60.4,62.16,-1.04
2/1/1981,3.22,4.17,14,59.4,48.35,-0.08
3/1/1981,3.25,4.09,13.8,58.2,57.43,3.94
4/1/1981,3.24,4.07,13.7,61,54.18,9.98
5/1/1981,3.24,3.95,13.5,60.5,75.81,13.57
6/1/1981,3.17,3.7,13.4,61.4,78.05,19.1
7/1/1981,3.14,3.62,13.4,60.5,74.31,21.32
8/1/1981,2.87,3.62,13.5,59.7,62.92,20.24
9/1/1981,2.55,3.65,13.7,58.8,65.09,16.06
10/1/1981,2.45,3.77,14,55.7,55.32,9.11
11/1/1981,2.34,3.85,14,54.5,65.95,4.19
12/1/1981,2.39,3.8,14,52,81.31,-1.92
1/1/1982,2.54,3.78,14,53.5,45.9,-6.08
2/1/1982,2.44,3.7,13.8,56.3,57.3,-2.4
3/1/1982,2.46,3.67,13.7,58.6,77.33,2.68
4/1/1982,2.55,3.68,13.5,60.1,72.01,6.58
5/1/1982,2.6,3.64,13.2,62.6,76.14,13.76
6/1/1982,2.57,3.39,13.2,61.1,67.6,17.45
7/1/1982,2.5,3.26,13.2,58.8,52.28,21.13
8/1/1982,2.3,3.34,13.3,58.1,63.55,20.32
9/1/1982,2.15,3.38,13.6,55.6,57.05,15.91
10/1/1982,1.98,3.43,13.8,53.8,61.74,8.82
11/1/1982,2.13,3.48,13.9,52.6,83.39,2.19
12/1/1982,2.26,3.51,13.9,52.5,73.43,-0.47
1/1/1983,2.36,3.57,13.9,54.3,32.28,-2.68
2/1/1983,2.56,3.57,13.8,57.1,46.78,-0.16
3/1/1983,2.71,3.66,13.6,59.7,58.34,2.92
4/1/1983,2.95,3.75,13.6,61,63.25,6.45
5/1/1983,3.03,3.73,13.3,59.9,68.07,12.74
6/1/1983,3.04,3.5,13.2,58.3,68.13,17.98
7/1/1983,3.13,3.34,13.2,55.8,70.78,21.56
8/1/1983,3.35,3.61,13.3,54.2,63.24,21.59
9/1/1983,3.32,3.65,13.5,52.3,44.98,16.18
10/1/1983,3.15,3.6,13.8,51.7,78.8,9.93
11/1/1983,3.17,3.54,13.9,51.2,60.4,3.55
12/1/1983,3.15,3.48,13.7,54.5,57.87,-5.22
1/1/1984,3.15,3.5,13.6,57.2,35.64,-4.35
2/1/1984,3.11,3.4,13.4,59.7,47.15,-1.06
3/1/1984,3.21,3.49,13.3,61.7,56.98,2.27
4/1/1984,3.32,3.63,13.1,60.1,42.05,7.08
5/1/1984,3.34,3.66,13,58.6,57.98,13.54
6/1/1984,3.36,3.46,12.9,57.6,64.8,18.71
7/1/1984,3.3,3.29,13,57.6,63.99,21.01
8/1/1984,3.12,3.43,13.2,56.6,72.18,20.66
9/1/1984,2.9,3.43,13.6,55.7,75.89,15.47
10/1/1984,2.65,3.43,14,54.1,73.11,9.59
11/1/1984,2.55,3.45,14.3,54.8,76.48,2.22
12/1/1984,2.56,3.38,14,57,36.07,-1.34
1/1/1985,2.64,3.38,13.9,57.4,33.67,-4.17
2/1/1985,2.62,3.38,13.7,58.5,58.45,-3.69
3/1/1985,2.67,3.38,13.3,57.3,44.32,3.35
4/1/1985,2.7,3.43,12.9,56.2,48.38,8.57
5/1/1985,2.68,3.3,12.5,55.3,63.6,14.41
6/1/1985,2.64,3.09,12.2,53.6,69.13,18.08
7/1/1985,2.6,2.93,12.1,50.2,69.15,21.51
8/1/1985,2.44,2.89,12.1,49.4,71.58,19.79
9/1/1985,2.29,3.01,12.3,49.1,86.27,15.11
10/1/1985,2.11,3.1,12.6,52.1,66.68,9.45
11/1/1985,2.21,3.22,12.6,54.7,66.01,1.34
12/1/1985,2.29,3.25,12.6,53.7,48.02,-3.16
1/1/1986,2.33,3.19,12.5,53.2,50.76,-1.3
2/1/1986,2.32,3.16,12.4,53,52.8,-0.44
3/1/1986,2.29,3.28,12.2,52.4,57.51,4.19
4/1/1986,2.3,3.37,12.1,50.3,32.21,8.23
5/1/1986,2.39,3.01,12,51,71.69,13.99
6/1/1986,2.32,2.47,11.9,50.1,66.85,19.47
7/1/1986,2,2.25,12,52.9,66.74,21.31
8/1/1986,1.73,2.26,12.3,54.4,65.54,19.97
9/1/1986,1.45,2.28,12.8,54.6,57.31,15.77
10/1/1986,1.4,2.3,13.2,54.4,31.5,9.79
11/1/1986,1.47,2.43,13.4,54.6,59.13,2.27
12/1/1986,1.5,2.49,13.4,53.2,64.92,-0.6
1/1/1987,1.48,2.53,13.2,56.4,43.44,-2.65
2/1/1987,1.42,2.58,12.9,58.8,35.82,0.12
3/1/1987,1.47,2.57,12.5,59.3,45.95,2.99
4/1/1987,1.52,2.63,12.2,62.6,51.25,9.08
5/1/1987,1.66,2.66,11.9,63,48.82,15.07
6/1/1987,1.69,2.45,11.9,62.5,41.5,19.31
7/1/1987,1.6,2.31,12,61.1,64.36,21.25
8/1/1987,1.47,2.35,12.2,61.9,66.77,20.33
9/1/1987,1.49,2.54,12.6,63.7,66.34,16.19
10/1/1987,1.55,2.62,12.9,62.9,36.3,9.6
11/1/1987,1.61,2.69,12.9,62,67.59,3.7
12/1/1987,1.72,2.7,12.7,62.2,41.6,-1.41
1/1/1988,1.77,2.75,12.5,65.4,46.35,-4.47
2/1/1988,1.83,2.79,12.2,67.4,46.03,-1.61
3/1/1988,1.86,2.74,11.9,68.3,61.05,3.04
4/1/1988,1.88,2.79,11.6,69,41.18,8.57
5/1/1988,1.94,2.97,11.4,69.3,74.57,14.42
6/1/1988,2.41,3.37,11.3,65,88.2,19.67
7/1/1988,2.72,3.5,11.4,63.2,71.4,21.99
8/1/1988,2.65,3.61,11.8,65.9,70.02,21.08
9/1/1988,2.6,3.74,12.4,67.2,69.41,15.97
10/1/1988,2.58,3.84,13,67,46.1,9.2
11/1/1988,2.51,3.88,13.4,66.7,40.09,2.82
12/1/1988,2.53,3.94,13.5,67.2,34.52,-1.49
1/1/1989,2.6,4.02,13.5,70.6,61.53,-3.1
2/1/1989,2.59,4.03,13.2,71.6,60.4,-3.44
3/1/1989,2.6,4.07,12.7,72,61.62,2.7
4/1/1989,2.56,4.03,12.4,70.1,53.42,9.21
5/1/1989,2.58,4.01,12.3,68.8,82.91,13.8
6/1/1989,2.52,3.85,12.4,67.6,58.46,18.38
7/1/1989,2.47,3.78,12.6,68,72.33,21.73
8/1/1989,2.27,3.74,13.2,69.7,67.61,20.29
9/1/1989,2.29,3.72,14,68.2,56.08,16.06
10/1/1989,2.22,3.75,14.8,68.7,63.11,9.93
11/1/1989,2.24,3.72,15.6,69.8,47.57,2.41
12/1/1989,2.27,3.79,16,71,63.52,-4.1
1/1/1990,2.31,3.71,15.5,73.6,50.12,-1.04
2/1/1990,2.32,3.56,14.5,74.6,37.51,-1.85
3/1/1990,2.37,3.48,13.9,74.3,73.76,4.21
4/1/1990,2.51,3.49,13.4,74.7,69.3,9.22
5/1/1990,2.62,3.4,13.5,74.6,80.54,13.52
6/1/1990,2.63,3.08,13.8,74.2,65.81,19.47
7/1/1990,2.62,2.79,14,73.6,66.88,21.4
8/1/1990,2.51,2.58,14.2,76,64.44,20.66
9/1/1990,2.32,2.46,13.9,75,62.86,17.32
10/1/1990,2.19,2.43,13.1,75.5,50.15,9.66
11/1/1990,2.16,2.39,12.7,75.3,55.06,3.33
12/1/1990,2.22,2.4,11.7,76.1,60.8,-3.44
1/1/1991,2.27,2.42,11.7,76.6,48.07,-3.95
2/1/1991,2.32,2.42,11.6,77,52.01,0.96
3/1/1991,2.39,2.53,11.4,78.5,56.6,3.25
4/1/1991,2.42,2.6,11.3,78,44.37,9.04
5/1/1991,2.38,2.65,11.3,75.9,52.01,14.86
6/1/1991,2.31,2.55,11.4,73.6,79.92,19
7/1/1991,2.27,2.5,11.8,71.6,86.86,21.42
8/1/1991,2.33,2.63,12.4,68.8,73.29,20.71
9/1/1991,2.33,2.8,12.8,68.7,56.99,16.46
10/1/1991,2.31,3.07,13.5,70.4,39.53,10.1
11/1/1991,2.29,3.25,13.9,67.9,73.88,1.4
12/1/1991,2.33,3.44,13.8,67.4,63.27,-0.87
1/1/1992,2.4,3.54,13.4,68.9,72.95,-1.82
2/1/1992,2.46,3.78,12.9,72.5,49.61,0.61
3/1/1992,2.49,3.72,12.5,72.8,61.43,3.97
4/1/1992,2.48,3.65,12.6,72.6,60.47,8.6
5/1/1992,2.49,3.64,12.8,71.9,64.69,13.84
6/1/1992,2.47,3.43,13.2,70.2,80.98,18.15
7/1/1992,2.33,3.15,13.4,70.6,69.13,20.38
8/1/1992,2.15,3.01,13.5,71.8,71.34,19.3
9/1/1992,2.16,3.2,13.5,71.8,69.02,15.57
10/1/1992,2.05,3.22,13.4,71.8,53.59,9.53
11/1/1992,1.98,3.29,13.1,70.2,51.72,2.06
12/1/1992,1.97,2.96,12.8,70.8,45.06,-2.95
1/1/1993,2.03,3.37,12.5,74.2,50.71,-3.55
2/1/1993,2,3.33,12.2,75.1,46.48,-2.66
3/1/1993,2.1,3.3,12.2,77.3,55.22,2.8
4/1/1993,2.16,3.26,12.6,77.4,59.86,8.11
5/1/1993,2.14,3.11,12.9,76.9,54.06,14.45
6/1/1993,2.09,2.84,13,74.7,67.88,18.19
7/1/1993,2.22,2.85,12.8,72.6,73.48,21.09
8/1/1993,2.25,2.96,12.4,72.6,66.37,20.37
9/1/1993,2.21,3.1,12.8,71.4,53.31,15.41
10/1/1993,2.28,3.25,13.1,69.1,64.06,9.65
11/1/1993,2.45,3.47,13.6,69.3,65.87,1.67
12/1/1993,2.67,3.63,13.5,68.5,50.28,-1
1/1/1994,2.7,3.58,13.6,73.1,66.44,-3.65
2/1/1994,2.79,3.6,13.4,73.1,35.51,-2.82
3/1/1994,2.74,3.7,13.5,75.4,62.81,3.6
4/1/1994,2.65,3.56,13.4,75.4,59.89,9.11
5/1/1994,2.6,3.43,12.8,69.7,88.15,14.31
6/1/1994,2.61,3.21,12.6,64.7,75.22,19.79
7/1/1994,2.29,3.04,12.2,65,67.1,21.52
8/1/1994,2.16,3.25,12.4,68.3,66.37,20.75
9/1/1994,2.19,3.57,12.8,66.1,54.66,16.58
10/1/1994,2.06,3.76,13,66.1,57.41,9.79
11/1/1994,1.99,3.75,13.1,68.4,47.44,2.62
12/1/1994,2.13,3.74,12.8,68,47.89,-0.79
1/1/1995,2.19,3.69,12.6,71.5,59.25,-2.16
2/1/1995,2.23,3.61,12.5,72.1,44.33,0.03
3/1/1995,2.3,3.52,12.6,70.2,50.36,2.79
4/1/1995,2.36,3.48,12.3,67.1,54.07,8.01
5/1/1995,2.42,3.67,12.3,63.6,70.6,13.58
6/1/1995,2.51,3.84,12.1,63.3,67.5,18.33
7/1/1995,2.63,4.1,12,61.9,74.3,21.49
8/1/1995,2.63,4.26,12.4,61.7,65.27,21.52
9/1/1995,2.69,4.53,12.8,62,78.95,16.67
10/1/1995,2.79,4.72,13.4,62.3,55.43,10.14
11/1/1995,2.87,4.81,14,65.2,65.27,2.48
12/1/1995,3.07,4.88,13.9,64.7,65.72,-1.77
1/1/1996,3.09,4.83,14.1,62.6,60.84,-4.41
2/1/1996,3.37,4.98,13.9,61.1,52.58,-1.11
3/1/1996,3.51,5.07,13.8,60.2,49.86,1.64
4/1/1996,3.85,5.32,13.9,58.1,61.82,8
5/1/1996,4.14,5.75,14.3,57.6,62.49,14.35
6/1/1996,4.2,5.25,14.8,59.6,77.44,19.26
7/1/1996,4.43,4.73,15.4,62.1,64.94,21.45
8/1/1996,4.3,4.57,15.9,64.3,69.41,20.45
9/1/1996,3.56,4.37,16.5,67.9,60.39,15.47
10/1/1996,2.88,4.17,16.4,68.1,56.61,9.02
11/1/1996,2.66,4.1,15.2,68.7,52.62,1.46
12/1/1996,2.63,4.06,14.3,65.5,52.06,-2.11
1/1/1997,2.69,4.02,13.5,65.2,71.08,-4.15
2/1/1997,2.65,3.89,13.4,65.2,69.8,-0.07
3/1/1997,2.79,3.93,13.6,67.9,70.57,2.84
4/1/1997,2.8,4.1,13.2,67.9,56.4,6.49
5/1/1997,2.69,4.08,12.7,68.3,56.97,13.35
6/1/1997,2.56,3.52,12.2,64.9,77.51,18.49
7/1/1997,2.42,3.23,12.1,65.4,71.55,21.15
8/1/1997,2.5,3.56,12.7,66.6,64.72,20.25
9/1/1997,2.52,3.66,13.1,67,60.23,17.15
10/1/1997,2.54,3.58,14.1,67.3,67.61,9.16
11/1/1997,2.51,3.54,14.7,68,55.09,2.5
12/1/1997,2.52,3.44,14.8,66.8,44.45,-1.91
1/1/1998,2.56,3.32,14.7,66.1,68.18,-1.61
2/1/1998,2.55,3.27,14.9,63.3,40.09,0.87
3/1/1998,2.55,3.33,14.5,64.3,47.83,2.75
4/1/1998,2.41,3.18,14,66.3,61.38,8.5
5/1/1998,2.34,3.06,13.3,66.3,64.75,14.94
6/1/1998,2.28,2.77,14.2,64.5,79.22,18.33
7/1/1998,2.19,2.56,14.3,61,65.41,22.04
8/1/1998,1.89,2.38,15.5,59.7,60.31,20.94
9/1/1998,1.84,2.39,16.8,58.9,61.58,18.05
10/1/1998,1.91,2.77,17.8,61.4,38.93,10.22
11/1/1998,1.93,2.95,17.9,62.3,31.95,4.15
12/1/1998,2,2.86,18.1,60.3,40.69,-1.31
1/1/1999,2.06,2.84,17.4,62.2,49.13,-2.65
2/1/1999,2.05,2.73,15.2,63.6,47.37,-0.02
3/1/1999,2.06,2.65,15.2,65.5,54.1,2.46
4/1/1999,2.04,2.62,12.6,66,50.85,8.04
5/1/1999,1.99,2.49,12.8,65.2,58.37,13.49
6/1/1999,1.97,2.5,13.1,66.7,79.12,18.42
7/1/1999,1.74,2.22,13.8,65.2,61.49,21.52
8/1/1999,1.75,2.53,15,66.2,53.67,20.73
9/1/1999,1.75,2.58,15.7,67.1,57.48,15.77
10/1/1999,1.69,2.57,14.9,70.1,52.63,9.63
11/1/1999,1.7,2.66,14.4,70.9,61.2,4.86
12/1/1999,1.82,2.52,12.2,70.8,38.56,-1.31
1/1/2000,1.91,2.51,12,79.3,44.76,-2.43
2/1/2000,1.98,2.54,11.8,78,52.5,1.74
3/1/2000,2.03,2.59,11.8,80.5,56.89,4.62
4/1/2000,2.03,2.57,11.9,79.6,46.09,8.51
5/1/2000,2.11,2.59,12,77.4,61.13,14.68
6/1/2000,1.91,2.5,12.3,76.8,69.44,18.64
7/1/2000,1.64,2.32,12.6,75,70.17,21.17
8/1/2000,1.52,2.4,12.5,73.6,63.3,20.82
9/1/2000,1.61,2.43,12.9,72.1,59.96,16.13
10/1/2000,1.74,2.68,12.5,70.2,49.63,10.04
11/1/2000,1.86,2.82,12.5,67.8,50.77,1.07
12/1/2000,1.97,2.87,13,70.5,51.31,-3.93
1/1/2001,1.98,2.84,13,79.3,46.64,-2.25
2/1/2001,1.96,2.83,13.1,78,29.79,-1.2
3/1/2001,1.96,2.87,13.9,80.5,55.32,2.09
4/1/2001,1.89,2.86,14.6,79.6,49.74,9.02
5/1/2001,1.82,2.98,15.5,77.4,59.36,14.33
6/1/2001,1.76,2.74,16.2,76.8,58.46,18.89
7/1/2001,1.87,2.63,16.2,75,63.86,21.61
8/1/2001,1.9,2.74,16.5,73.6,61.93,21.21
9/1/2001,1.91,2.85,17.1,72.1,68.18,16.53
10/1/2001,1.84,2.87,15.6,70.2,69.64,9.4
11/1/2001,1.85,2.87,14.4,67.8,43.72,4.85
12/1/2001,1.98,2.88,13.5,70.5,65.21,-1.23
1/1/2002,1.97,2.87,13.6,71.2,29.33,-1.24
2/1/2002,1.93,2.83,13.1,73.5,58.29,-0.61
3/1/2002,1.94,2.87,12.6,74.1,52.45,1.53
4/1/2002,1.91,2.83,12.5,70.6,55.69,8.73
5/1/2002,1.93,2.81,12.1,68.1,72.79,13.42
6/1/2002,1.97,2.92,11.5,66.9,79.92,19.49
7/1/2002,2.13,3.21,11.1,66.5,65.66,22.25
8/1/2002,2.38,3.63,11.3,67.3,66.77,20.48
9/1/2002,2.47,4.21,11.6,67.8,65.43,17.2
10/1/2002,2.34,4.38,12.1,68.6,42.47,9.02
11/1/2002,2.28,4.25,11.9,71.9,58.28,3.52
12/1/2002,2.32,4.06,11.9,75,54.02,-0.31
1/1/2003,2.33,3.89,11.8,77.8,43.37,-2.18
2/1/2003,2.34,3.7,11.3,78.1,53.66,-1.65
3/1/2003,2.33,3.55,11,76.7,44.97,3.03
4/1/2003,2.34,3.37,11,78.8,53.69,8.78
5/1/2003,2.38,3.33,11,79.5,73.35,13.99
6/1/2003,2.34,3.08,11,78.7,78.97,18.39
7/1/2003,2.17,2.95,12.1,78.8,73.15,22.14
8/1/2003,2.15,3.35,13.3,83.5,69.69,21.5
9/1/2003,2.2,3.39,14.5,89.4,70.48,15.96
10/1/2003,2.12,3.44,15,97.8,69.05,11.22
11/1/2003,2.2,3.61,14.4,100,71.5,3.09
12/1/2003,2.31,3.68,13.8,95.7,51.24,-1.12
1/1/2004,2.39,3.68,13.2,85.4,60.49,-4.2
2/1/2004,2.61,3.77,13.6,82.3,47.68,-1.56
3/1/2004,2.75,3.83,15.5,88,51.2,4.61
4/1/2004,2.89,3.88,18.1,88.9,54.4,9.09
5/1/2004,2.87,3.82,19.3,92.6,60.99,14.99
6/1/2004,2.79,3.55,18.2,93.8,74.01,18.72
7/1/2004,2.51,3.37,16.1,91.4,64.92,21.34
8/1/2004,2.34,3.27,14.9,91,72.98,19.87
9/1/2004,2.2,3.36,15.5,89.5,55.04,16.44
10/1/2004,2.14,3.43,15.6,91.1,52.74,10.74
11/1/2004,2.05,3.46,16.2,90.2,49.75,3.87
12/1/2004,2.04,3.4,16.4,91.8,51.29,-0.91
1/1/2005,2.12,3.43,16.1,94.4,55.03,-2.27
2/1/2005,1.95,3.36,15.4,93.3,34.96,0.1
3/1/2005,2.02,3.42,15.5,95.5,51.09,3.24
4/1/2005,2,3.35,15.2,98.3,56.76,8.64
5/1/2005,1.98,3.31,14.7,96.4,51.45,13.93
6/1/2005,2.03,3.23,14.4,91.9,62.88,19.23
7/1/2005,2.11,3.2,14.8,88.4,60.47,22.2
8/1/2005,1.95,3.24,14.8,97.8,72.53,21.09
9/1/2005,1.9,3.36,15.3,92.3,67.85,17.64
10/1/2005,1.82,3.43,15.5,96.6,66.56,10.59
11/1/2005,1.77,3.45,15.1,97.3,51.39,3.46
12/1/2005,1.92,3.53,14.8,99.9,55.92,-1.72
1/1/2006,2,3.52,14.4,102,50.25,0
2/1/2006,2.02,3.66,13.5,97.8,37.48,-0.73
3/1/2006,2.06,3.79,12.6,93,49.23,2.66
4/1/2006,2.11,3.81,12,89.3,52.89,9.77
5/1/2006,2.17,4.09,11.9,86.5,59.91,14.84
6/1/2006,2.14,3.98,11.9,88.5,66.86,19.58
7/1/2006,2.14,3.88,11.7,90.4,68.97,22.66
8/1/2006,2.09,3.91,12,91.9,61.91,20.86
9/1/2006,2.2,4.06,13,95.8,56.69,15.77
10/1/2006,2.55,4.59,13.5,94,62.27,9.55
11/1/2006,2.88,4.59,13.9,90.2,33.23,3.11
12/1/2006,3.01,4.52,14.2,89.3,64.61,-0.22
1/1/2007,3.05,4.53,14.5,89.8,49.23,-3.29
2/1/2007,3.44,4.71,14.9,91.5,53.86,-2.46
3/1/2007,3.43,4.75,15.6,97.7,54.85,4.14
4/1/2007,3.39,4.89,16.5,99.9,56.23,8.21
5/1/2007,3.49,4.88,18,98.1,65.33,14.83
6/1/2007,3.53,5.03,20.2,93.3,69.85,19.32
7/1/2007,3.32,5.17,21.6,93.1,71.33,22.01
8/1/2007,3.26,5.64,21.6,95.8,69.09,21.8
9/1/2007,3.28,6.76,21.8,98.1,64.03,17.32
10/1/2007,3.29,7.65,21.4,96.4,50.39,11.15
11/1/2007,3.44,7.39,21.9,95.9,43.56,4.07
12/1/2007,3.77,7.71,21.5,95.1,61.73,-1.63
1/1/2008,3.98,7.96,20.5,93.4,38.07,-3.76
2/1/2008,4.54,10.1,19.1,94.2,36.62,-1.66
3/1/2008,4.7,10.5,18.1,92.7,59.81,2.56
4/1/2008,5.14,10.1,18.1,91.6,61.07,7.81
5/1/2008,5.27,8.87,18.4,95.9,70.86,13.62
6/1/2008,5.47,7.62,19.3,96.4,68.57,19.05
7/1/2008,5.25,7.15,19.4,99.6,71.89,21.48
8/1/2008,5.26,7.61,18.4,100,66.62,20.45
9/1/2008,5.01,7.43,18.2,99.3,60.24,16.44
10/1/2008,4.37,6.65,17.8,93,91.76,9.32
11/1/2008,4.26,6.29,17.1,91,37.22,3.28
12/1/2008,4.11,5.95,15.5,85.6,65.27,-2.64
1/1/2009,4.36,6.2,13.3,85.8,56.23,-3.64
2/1/2009,3.87,5.79,11.6,83.8,44.8,-0.55
3/1/2009,3.85,5.71,11.7,84,49.71,2.62
4/1/2009,3.85,5.75,11.9,88.4,50.41,8.03
5/1/2009,3.96,5.85,11.6,87.8,70.17,14.55
6/1/2009,4.01,5.72,11.3,85,81.01,18.74
7/1/2009,3.6,5.17,11.3,85.3,80.62,21.11
8/1/2009,3.33,4.85,12.1,85.1,61.88,20.26
9/1/2009,3.25,4.48,13,85.5,65.28,16.97
10/1/2009,3.61,4.47,14.3,84.4,44.79,8.58
11/1/2009,3.65,4.79,15.4,85.4,51.39,4.13
12/1/2009,3.6,4.87,16.5,83.8,51.24,-3.39
1/1/2010,3.66,4.9,16.1,87.5,40.41,-3.58
2/1/2010,3.55,4.73,15.8,90.5,50.77,-2.25
3/1/2010,3.55,4.7,14.8,95.6,61.31,3.32
4/1/2010,3.41,4.41,14.6,101,65.34,9.3
5/1/2010,3.48,4.34,15,99.7,73.11,13.94
6/1/2010,3.41,4.16,15.4,94.8,62.97,19.44
7/1/2010,3.49,4.49,15.9,95.9,65.39,21.8
8/1/2010,3.65,5.44,16.7,98,62.62,21.53
9/1/2010,4.08,5.79,17.7,99.3,61.22,17.15
10/1/2010,4.32,5.88,18.5,98.8,51.26,11.03
11/1/2010,4.55,6.1,17.9,101,58.38,3.33
12/1/2010,4.82,6.44,16.7,104,54.58,-2.79
1/1/2011,4.94,6.69,16.7,110,48.01,-3.72
2/1/2011,5.65,7.42,19.1,111,45.47,-2.1
3/1/2011,5.53,7.55,20.4,118,59.85,3.07
4/1/2011,6.36,8.01,19.6,122,51.83,8.58
5/1/2011,6.32,8.16,19.6,115,57.78,13.61
6/1/2011,6.38,7.41,21.1,110,54.37,19.22
7/1/2011,6.33,7.1,21.8,115,66.14,22.51
8/1/2011,6.88,7.59,22.1,114,62.78,21.62
9/1/2011,6.38,7.54,21.1,117,65.85,16.9
10/1/2011,5.73,7.27,20,122,52.39,10.6
11/1/2011,5.83,7.3,20.5,126,31.99,2.88
12/1/2011,5.86,7.2,19.7,126,62.11,-0.73
1/1/2012,6.07,7.05,18.9,130,54.1,-2.26
2/1/2012,6.28,7.1,17.6,131,47.18,0.55
3/1/2012,6.35,7.2,17.2,132,40.89,5.69
4/1/2012,6.34,7.11,16.8,128,64.76,9.96
5/1/2012,6.34,6.67,16.2,125,83.67,15.14
6/1/2012,6.37,6.7,16.2,124,80.4,19.68
7/1/2012,7.14,7.89,16.9,117,78.02,22.77
8/1/2012,7.63,8.04,18.2,120,64.61,21.17
9/1/2012,6.89,8.27,19.7,125,72.25,16.78
10/1/2012,6.78,8.38,21.6,127,58.08,9.76
11/1/2012,7.01,8.47,22.1,128,47.41,3.14
12/1/2012,6.87,8.3,20.8,128,54.11,-1.08
1/1/2013,6.96,8.12,20,130,37.25,-2.26
2/1/2013,7.04,7.97,19.5,125,48.71,-1.18
3/1/2013,7.13,7.79,19.1,127,50.71,1.94
4/1/2013,6.97,7.71,19.5,127,64.56,6.82
5/1/2013,6.97,7.68,19.7,127,62.46,13.89
6/1/2013,6.97,7.37,19.5,124,87.49,19.8
7/1/2013,6.79,6.95,19.1,121,67.28,21.88
8/1/2013,6.21,6.88,19.6,122,75.5,21.08
9/1/2013,5.4,6.8,20.1,124,64.78,17.38
10/1/2013,4.63,6.94,20.9,128,53.48,10.25
11/1/2013,4.37,6.85,21.6,132,47.63,2.55
12/1/2013,4.41,6.73,22,132,61.07,-3.08
1/1/2014,4.42,6.65,23.5,140,45.48,-2.3
2/1/2014,4.35,6.5,24.8,145,41.83,-2.56
3/1/2014,4.52,6.74,25.1,150,46.82,2.26
4/1/2014,4.71,6.82,25.3,150,66.19,8.76
5/1/2014,4.71,7.08,24.2,147,84.59,14.74
6/1/2014,4.5,6.49,23.2,148,80.69,19
7/1/2014,4.06,6.15,23.3,157,81.76,21.25
8/1/2014,3.63,5.97,24.2,159,68.88,20.84
9/1/2014,3.49,5.71,25.7,158,62.42,17.13
10/1/2014,3.57,5.71,24.9,163,68.21,11.15
11/1/2014,3.6,6.04,23,169,76.99,2.17
12/1/2014,3.79,6.14,20.4,166,82.53,0.59
1/1/2015,3.82,6.15,17.5,166,48.35,-2.14
2/1/2015,3.79,5.89,16.9,161,43.19,-1.73
3/1/2015,3.81,5.7,16.6,162,62.11,4.49
4/1/2015,3.75,5.56,16.6,164,67.4,9.44
5/1/2015,3.64,5.33,16.8,161,68.19,14.72
6/1/2015,3.59,5.42,16.9,156,60.84,20.13
7/1/2015,3.8,5.23,16.6,150,76.1,21.81
8/1/2015,3.68,4.84,16.8,149,79.43,20.84
9/1/2015,3.68,4.72,17.6,140,66.66,17.83
10/1/2015,3.67,4.86,17.7,129,50.56,11.85
11/1/2015,3.59,4.86,18.3,131,43.44,4.42
12/1/2015,3.65,4.75,17.3,123,62.03,0.88
1/1/2016,3.66,4.82,16.1,132,68.49,-1.41
2/1/2016,3.58,4.61,15.7,134,49.33,1.82
3/1/2016,3.56,4.4,15.3,137,55.14,5.79
4/1/2016,3.2056,4.46,15.1,133,77.59,9.86
5/1/2016,3.68,4.45,14.5,129,75.84,14.48
6/1/2016,3.82,4.2,14.8,127,74.76,20.36
7/1/2016,3.6,3.75,16.1,120,69.42,22.47
8/1/2016,3.21,3.68,17.2,118,83.16,21.44
9/1/2016,3.22,3.48,17.4,109,59.08,17.6
10/1/2016,3.29,3.68,16.7,102,63.35,12.03
11/1/2016,3.24,3.88,17.8,106,37.06,5.64
12/1/2016,3.32,3.9,18.9,113,41.96,-1.93
1/1/2017,3.4,4.01,18.9,119,44.42,-1.96
2/1/2017,3.44,4.16,18.4,121,60.32,1.87
3/1/2017,3.49,4.37,17.3,127,54.44,3.9
4/1/2017,3.43,4.16,16.5,130,56.31,10.01
5/1/2017,3.45,4.05,16.7,138,68.14,14.24
6/1/2017,3.43,4.37,17.3,133,73.42,19.73
7/1/2017,3.49,4.77,17.2,120,70.04,22.65
8/1/2017,3.27,4.84,18.1,115,75.31,20.48
9/1/2017,3.27,4.65,17.9,107,80.24,17.25
10/1/2017,3.26,4.64,18.1,111,80.03,10.95
11/1/2017,3.15,4.72,18.2,119,62.87,4.43
12/1/2017,3.23,4.5,17.2,120,78.83,-0.64
1/1/2018,3.29,4.65,16.2,123,57.64,-2.25
2/1/2018,3.38,4.92,15.3,127,69.71,-0.38
3/1/2018,3.51,5.1,15.6,127,52.21,3.45
4/1/2018,3.58,5.28,15.8,122,68.81,7.48
5/1/2018,3.68,5.39,16.2,122,97.15,16.43
6/1/2018,3.58,5.19,16.3,113,77.74,20.13
7/1/2018,3.47,5,15.5,112,66.89,22.48
8/1/2018,3.36,5.31,16.1,112,71.52,21.11
9/1/2018,3.4,5.15,16.9,108,63.06,17.66
10/1/2018,3.42,5.22,17.5,110,79.84,10.48
11/1/2018,3.41,5.23,17.2,115,51.33,2.51
12/1/2018,3.54,5.28,16.6,119,59.07,-0.45
1/1/2019,3.56,5.28,16.6,124,59.18,-2.27
2/1/2019,3.6,5.33,16.8,126,52.14,-1.72
3/1/2019,3.61,5.19,17.6,129,65.06,3.05
4/1/2019,3.53,4.93,17.7,128,61.38,9.52
5/1/2019,3.63,4.78,18,122,67.27,14.13
6/1/2019,3.98,4.81,18.1,115,68.7,19.24
7/1/2019,4.16,4.52,18.7,113,73.08,22.42
8/1/2019,3.93,4.34,18.9,112,61.65,21.4
9/1/2019,3.8,4.26,19.3,104,55.8,18.5
10/1/2019,3.85,4.45,20,109,55.01,9.47
11/1/2019,3.68,4.39,21.1,115,49.52,3.03
12/1/2019,3.71,4.64,20.7,120,48.8,0.04
1/1/2020,3.79,4.88,19.5,125,,-1.74
2/1/2020,3.78,4.88,18.9,122,,-0.87
3/1/2020,3.68,4.86,17.9,114,,4.56
4/1/2020,3.29,4.85,14.4,111,,8.34
5/1/2020,3.2,4.76,13.7,111,,14.64
6/1/2020,3.16,4.56,18.2,110,,19.69
7/1/2020,3.21,4.54,20.6,98,,22.51
8/1/2020,3.12,4.55,18.6,104,,21.8
9/1/2020,3.4,4.73,17.7,105,,16.84
10/1/2020,3.61,4.98,20,108,,10.09
11/1/2020,3.79,5.24,21.1,109,,4.95
12/1/2020,3.97,5.43,18.3,111,,-0.27
